Id,Expected
img0.jpg,barney_gumble
img1.jpg,bart_simpson
img10.jpg,ned_flanders
img100.jpg,chief_wiggum
img101.jpg,apu_nahasapeemapetilon
img102.jpg,kent_brockman
img103.jpg,edna_krabappel
img104.jpg,chief_wiggum
img105.jpg,lisa_simpson
img106.jpg,kent_brockman
img107.jpg,lenny_leonard
img108.jpg,marge_simpson
img109.jpg,krusty_the_clown
img11.jpg,ned_flanders
img110.jpg,moe_szyslak
img111.jpg,sideshow_bob
img112.jpg,charles_montgomery_burns
img113.jpg,bart_simpson
img114.jpg,kent_brockman
img115.jpg,abraham_grampa_simpson
img116.jpg,marge_simpson
img117.jpg,nelson_muntz
img118.jpg,comic_book_guy
img119.jpg,principal_skinner
img12.jpg,homer_simpson
img120.jpg,apu_nahasapeemapetilon
img121.jpg,krusty_the_clown
img122.jpg,krusty_the_clown
img123.jpg,ned_flanders
img124.jpg,principal_skinner
img125.jpg,apu_nahasapeemapetilon
img126.jpg,principal_skinner
img127.jpg,apu_nahasapeemapetilon
img128.jpg,ned_flanders
img129.jpg,homer_simpson
img13.jpg,abraham_grampa_simpson
img130.jpg,abraham_grampa_simpson
img131.jpg,sideshow_bob
img132.jpg,bart_simpson
img133.jpg,charles_montgomery_burns
img134.jpg,chief_wiggum
img135.jpg,kent_brockman
img136.jpg,abraham_grampa_simpson
img137.jpg,milhouse_van_houten
img138.jpg,lenny_leonard
img139.jpg,abraham_grampa_simpson
img14.jpg,nelson_muntz
img140.jpg,comic_book_guy
img141.jpg,principal_skinner
img142.jpg,nelson_muntz
img143.jpg,charles_montgomery_burns
img144.jpg,bart_simpson
img145.jpg,apu_nahasapeemapetilon
img146.jpg,mayor_quimby
img147.jpg,bart_simpson
img148.jpg,edna_krabappel
img149.jpg,edna_krabappel
img15.jpg,charles_montgomery_burns
img150.jpg,principal_skinner
img151.jpg,chief_wiggum
img152.jpg,homer_simpson
img153.jpg,charles_montgomery_burns
img154.jpg,krusty_the_clown
img155.jpg,apu_nahasapeemapetilon
img156.jpg,charles_montgomery_burns
img157.jpg,lenny_leonard
img158.jpg,comic_book_guy
img159.jpg,kent_brockman
img16.jpg,sideshow_bob
img160.jpg,sideshow_bob
img161.jpg,bart_simpson
img162.jpg,ned_flanders
img163.jpg,comic_book_guy
img164.jpg,comic_book_guy
img165.jpg,edna_krabappel
img166.jpg,lisa_simpson
img167.jpg,kent_brockman
img168.jpg,ned_flanders
img169.jpg,krusty_the_clown
img17.jpg,milhouse_van_houten
img170.jpg,chief_wiggum
img171.jpg,mayor_quimby
img172.jpg,ned_flanders
img173.jpg,krusty_the_clown
img174.jpg,sideshow_bob
img175.jpg,ned_flanders
img176.jpg,chief_wiggum
img177.jpg,principal_skinner
img178.jpg,abraham_grampa_simpson
img179.jpg,krusty_the_clown
img18.jpg,homer_simpson
img180.jpg,krusty_the_clown
img181.jpg,lisa_simpson
img182.jpg,krusty_the_clown
img183.jpg,mayor_quimby
img184.jpg,lisa_simpson
img185.jpg,principal_skinner
img186.jpg,moe_szyslak
img187.jpg,marge_simpson
img188.jpg,principal_skinner
img189.jpg,lenny_leonard
img19.jpg,abraham_grampa_simpson
img190.jpg,chief_wiggum
img191.jpg,comic_book_guy
img192.jpg,marge_simpson
img193.jpg,bart_simpson
img194.jpg,apu_nahasapeemapetilon
img195.jpg,moe_szyslak
img196.jpg,marge_simpson
img197.jpg,apu_nahasapeemapetilon
img198.jpg,bart_simpson
img199.jpg,apu_nahasapeemapetilon
img2.jpg,mayor_quimby
img20.jpg,marge_simpson
img200.jpg,edna_krabappel
img201.jpg,homer_simpson
img202.jpg,marge_simpson
img203.jpg,abraham_grampa_simpson
img204.jpg,bart_simpson
img205.jpg,bart_simpson
img206.jpg,milhouse_van_houten
img207.jpg,moe_szyslak
img208.jpg,lenny_leonard
img209.jpg,moe_szyslak
img21.jpg,krusty_the_clown
img210.jpg,comic_book_guy
img211.jpg,lenny_leonard
img212.jpg,bart_simpson
img213.jpg,sideshow_bob
img214.jpg,moe_szyslak
img215.jpg,apu_nahasapeemapetilon
img216.jpg,mayor_quimby
img217.jpg,comic_book_guy
img218.jpg,bart_simpson
img219.jpg,kent_brockman
img22.jpg,moe_szyslak
img220.jpg,homer_simpson
img221.jpg,lisa_simpson
img222.jpg,milhouse_van_houten
img223.jpg,apu_nahasapeemapetilon
img224.jpg,abraham_grampa_simpson
img225.jpg,agnes_skinner
img226.jpg,barney_gumble
img227.jpg,bart_simpson
img228.jpg,krusty_the_clown
img229.jpg,lisa_simpson
img23.jpg,chief_wiggum
img230.jpg,moe_szyslak
img231.jpg,sideshow_bob
img232.jpg,krusty_the_clown
img233.jpg,edna_krabappel
img234.jpg,krusty_the_clown
img235.jpg,kent_brockman
img236.jpg,bart_simpson
img237.jpg,charles_montgomery_burns
img238.jpg,moe_szyslak
img239.jpg,milhouse_van_houten
img24.jpg,chief_wiggum
img240.jpg,barney_gumble
img241.jpg,principal_skinner
img242.jpg,homer_simpson
img243.jpg,nelson_muntz
img244.jpg,marge_simpson
img245.jpg,kent_brockman
img246.jpg,abraham_grampa_simpson
img247.jpg,principal_skinner
img248.jpg,abraham_grampa_simpson
img249.jpg,homer_simpson
img25.jpg,apu_nahasapeemapetilon
img250.jpg,comic_book_guy
img251.jpg,mayor_quimby
img252.jpg,bart_simpson
img253.jpg,apu_nahasapeemapetilon
img254.jpg,homer_simpson
img255.jpg,bart_simpson
img256.jpg,milhouse_van_houten
img257.jpg,krusty_the_clown
img258.jpg,milhouse_van_houten
img259.jpg,lisa_simpson
img26.jpg,abraham_grampa_simpson
img260.jpg,krusty_the_clown
img261.jpg,principal_skinner
img262.jpg,homer_simpson
img263.jpg,krusty_the_clown
img264.jpg,principal_skinner
img265.jpg,lenny_leonard
img266.jpg,bart_simpson
img267.jpg,abraham_grampa_simpson
img268.jpg,bart_simpson
img269.jpg,chief_wiggum
img27.jpg,edna_krabappel
img270.jpg,kent_brockman
img271.jpg,apu_nahasapeemapetilon
img272.jpg,abraham_grampa_simpson
img273.jpg,bart_simpson
img274.jpg,sideshow_bob
img275.jpg,principal_skinner
img276.jpg,principal_skinner
img277.jpg,chief_wiggum
img278.jpg,bart_simpson
img279.jpg,abraham_grampa_simpson
img28.jpg,homer_simpson
img280.jpg,abraham_grampa_simpson
img281.jpg,abraham_grampa_simpson
img282.jpg,marge_simpson
img283.jpg,chief_wiggum
img284.jpg,fat_tony
img285.jpg,ned_flanders
img286.jpg,moe_szyslak
img287.jpg,marge_simpson
img288.jpg,marge_simpson
img289.jpg,kent_brockman
img29.jpg,principal_skinner
img290.jpg,charles_montgomery_burns
img291.jpg,principal_skinner
img292.jpg,apu_nahasapeemapetilon
img293.jpg,bart_simpson
img294.jpg,charles_montgomery_burns
img295.jpg,principal_skinner
img296.jpg,lenny_leonard
img297.jpg,comic_book_guy
img298.jpg,moe_szyslak
img299.jpg,krusty_the_clown
img3.jpg,nelson_muntz
img30.jpg,krusty_the_clown
img300.jpg,milhouse_van_houten
img301.jpg,apu_nahasapeemapetilon
img302.jpg,bart_simpson
img303.jpg,edna_krabappel
img304.jpg,principal_skinner
img305.jpg,principal_skinner
img306.jpg,marge_simpson
img307.jpg,homer_simpson
img308.jpg,comic_book_guy
img309.jpg,homer_simpson
img31.jpg,comic_book_guy
img310.jpg,edna_krabappel
img311.jpg,lisa_simpson
img312.jpg,kent_brockman
img313.jpg,milhouse_van_houten
img314.jpg,apu_nahasapeemapetilon
img315.jpg,moe_szyslak
img316.jpg,apu_nahasapeemapetilon
img317.jpg,edna_krabappel
img318.jpg,milhouse_van_houten
img319.jpg,abraham_grampa_simpson
img32.jpg,charles_montgomery_burns
img320.jpg,ned_flanders
img321.jpg,principal_skinner
img322.jpg,bart_simpson
img323.jpg,edna_krabappel
img324.jpg,edna_krabappel
img325.jpg,moe_szyslak
img326.jpg,waylon_smithers
img327.jpg,charles_montgomery_burns
img328.jpg,edna_krabappel
img329.jpg,ned_flanders
img33.jpg,marge_simpson
img330.jpg,apu_nahasapeemapetilon
img331.jpg,milhouse_van_houten
img332.jpg,moe_szyslak
img333.jpg,moe_szyslak
img334.jpg,comic_book_guy
img335.jpg,principal_skinner
img336.jpg,marge_simpson
img337.jpg,apu_nahasapeemapetilon
img338.jpg,ned_flanders
img339.jpg,principal_skinner
img34.jpg,edna_krabappel
img340.jpg,marge_simpson
img341.jpg,bart_simpson
img342.jpg,homer_simpson
img343.jpg,kent_brockman
img344.jpg,principal_skinner
img345.jpg,comic_book_guy
img346.jpg,lenny_leonard
img347.jpg,chief_wiggum
img348.jpg,charles_montgomery_burns
img349.jpg,sideshow_bob
img35.jpg,sideshow_bob
img350.jpg,principal_skinner
img351.jpg,homer_simpson
img352.jpg,krusty_the_clown
img353.jpg,homer_simpson
img354.jpg,principal_skinner
img355.jpg,principal_skinner
img356.jpg,abraham_grampa_simpson
img357.jpg,principal_skinner
img358.jpg,charles_montgomery_burns
img359.jpg,krusty_the_clown
img36.jpg,chief_wiggum
img360.jpg,moe_szyslak
img361.jpg,lenny_leonard
img362.jpg,ned_flanders
img363.jpg,chief_wiggum
img364.jpg,sideshow_bob
img365.jpg,bart_simpson
img366.jpg,lenny_leonard
img367.jpg,sideshow_bob
img368.jpg,sideshow_bob
img369.jpg,homer_simpson
img37.jpg,comic_book_guy
img370.jpg,principal_skinner
img371.jpg,nelson_muntz
img372.jpg,lenny_leonard
img373.jpg,lenny_leonard
img374.jpg,kent_brockman
img375.jpg,abraham_grampa_simpson
img376.jpg,edna_krabappel
img377.jpg,ned_flanders
img378.jpg,kent_brockman
img379.jpg,bart_simpson
img38.jpg,moe_szyslak
img380.jpg,principal_skinner
img381.jpg,sideshow_bob
img382.jpg,lisa_simpson
img383.jpg,comic_book_guy
img384.jpg,sideshow_bob
img385.jpg,bart_simpson
img386.jpg,krusty_the_clown
img387.jpg,bart_simpson
img388.jpg,apu_nahasapeemapetilon
img389.jpg,principal_skinner
img39.jpg,bart_simpson
img390.jpg,bart_simpson
img391.jpg,apu_nahasapeemapetilon
img392.jpg,principal_skinner
img393.jpg,abraham_grampa_simpson
img394.jpg,lenny_leonard
img395.jpg,milhouse_van_houten
img396.jpg,lenny_leonard
img397.jpg,edna_krabappel
img398.jpg,comic_book_guy
img399.jpg,bart_simpson
img4.jpg,lisa_simpson
img40.jpg,moe_szyslak
img400.jpg,abraham_grampa_simpson
img401.jpg,chief_wiggum
img402.jpg,krusty_the_clown
img403.jpg,milhouse_van_houten
img404.jpg,comic_book_guy
img405.jpg,principal_skinner
img406.jpg,edna_krabappel
img407.jpg,krusty_the_clown
img408.jpg,comic_book_guy
img409.jpg,kent_brockman
img41.jpg,homer_simpson
img410.jpg,principal_skinner
img411.jpg,kent_brockman
img412.jpg,homer_simpson
img413.jpg,bart_simpson
img414.jpg,milhouse_van_houten
img415.jpg,sideshow_bob
img416.jpg,ned_flanders
img417.jpg,lenny_leonard
img418.jpg,bart_simpson
img419.jpg,lenny_leonard
img42.jpg,comic_book_guy
img420.jpg,principal_skinner
img421.jpg,lisa_simpson
img422.jpg,milhouse_van_houten
img423.jpg,lenny_leonard
img424.jpg,edna_krabappel
img425.jpg,abraham_grampa_simpson
img426.jpg,marge_simpson
img427.jpg,mayor_quimby
img428.jpg,marge_simpson
img429.jpg,kent_brockman
img43.jpg,principal_skinner
img430.jpg,abraham_grampa_simpson
img431.jpg,krusty_the_clown
img432.jpg,krusty_the_clown
img433.jpg,milhouse_van_houten
img434.jpg,bart_simpson
img435.jpg,bart_simpson
img436.jpg,bart_simpson
img437.jpg,principal_skinner
img438.jpg,krusty_the_clown
img439.jpg,ned_flanders
img44.jpg,edna_krabappel
img440.jpg,sideshow_bob
img441.jpg,marge_simpson
img442.jpg,comic_book_guy
img443.jpg,abraham_grampa_simpson
img444.jpg,krusty_the_clown
img445.jpg,lisa_simpson
img446.jpg,krusty_the_clown
img447.jpg,snake_jailbird
img448.jpg,moe_szyslak
img449.jpg,sideshow_bob
img45.jpg,principal_skinner
img450.jpg,abraham_grampa_simpson
img451.jpg,homer_simpson
img452.jpg,abraham_grampa_simpson
img453.jpg,comic_book_guy
img454.jpg,charles_montgomery_burns
img455.jpg,ned_flanders
img456.jpg,homer_simpson
img457.jpg,ned_flanders
img458.jpg,charles_montgomery_burns
img459.jpg,ned_flanders
img46.jpg,krusty_the_clown
img460.jpg,edna_krabappel
img461.jpg,principal_skinner
img462.jpg,nelson_muntz
img463.jpg,homer_simpson
img464.jpg,edna_krabappel
img465.jpg,ned_flanders
img466.jpg,milhouse_van_houten
img467.jpg,kent_brockman
img468.jpg,sideshow_bob
img469.jpg,principal_skinner
img47.jpg,principal_skinner
img470.jpg,comic_book_guy
img471.jpg,abraham_grampa_simpson
img472.jpg,homer_simpson
img473.jpg,sideshow_bob
img474.jpg,milhouse_van_houten
img475.jpg,bart_simpson
img476.jpg,moe_szyslak
img477.jpg,lisa_simpson
img478.jpg,principal_skinner
img479.jpg,apu_nahasapeemapetilon
img48.jpg,abraham_grampa_simpson
img480.jpg,milhouse_van_houten
img481.jpg,homer_simpson
img482.jpg,mayor_quimby
img483.jpg,bart_simpson
img484.jpg,marge_simpson
img485.jpg,principal_skinner
img486.jpg,homer_simpson
img487.jpg,krusty_the_clown
img488.jpg,apu_nahasapeemapetilon
img489.jpg,abraham_grampa_simpson
img49.jpg,milhouse_van_houten
img490.jpg,lisa_simpson
img491.jpg,moe_szyslak
img492.jpg,bart_simpson
img493.jpg,comic_book_guy
img494.jpg,kent_brockman
img495.jpg,nelson_muntz
img496.jpg,comic_book_guy
img497.jpg,milhouse_van_houten
img498.jpg,comic_book_guy
img499.jpg,chief_wiggum
img5.jpg,principal_skinner
img50.jpg,lisa_simpson
img500.jpg,abraham_grampa_simpson
img501.jpg,edna_krabappel
img502.jpg,ned_flanders
img503.jpg,krusty_the_clown
img504.jpg,bart_simpson
img505.jpg,lisa_simpson
img506.jpg,lenny_leonard
img507.jpg,bart_simpson
img508.jpg,apu_nahasapeemapetilon
img509.jpg,comic_book_guy
img51.jpg,comic_book_guy
img510.jpg,bart_simpson
img511.jpg,marge_simpson
img512.jpg,comic_book_guy
img513.jpg,lisa_simpson
img514.jpg,chief_wiggum
img515.jpg,sideshow_bob
img516.jpg,apu_nahasapeemapetilon
img517.jpg,apu_nahasapeemapetilon
img518.jpg,krusty_the_clown
img519.jpg,milhouse_van_houten
img52.jpg,milhouse_van_houten
img520.jpg,kent_brockman
img521.jpg,comic_book_guy
img522.jpg,lisa_simpson
img523.jpg,bart_simpson
img524.jpg,snake_jailbird
img525.jpg,abraham_grampa_simpson
img526.jpg,patty_bouvier
img527.jpg,chief_wiggum
img528.jpg,apu_nahasapeemapetilon
img529.jpg,charles_montgomery_burns
img53.jpg,abraham_grampa_simpson
img530.jpg,bart_simpson
img531.jpg,comic_book_guy
img532.jpg,homer_simpson
img533.jpg,bart_simpson
img534.jpg,abraham_grampa_simpson
img535.jpg,ned_flanders
img536.jpg,ned_flanders
img537.jpg,chief_wiggum
img538.jpg,abraham_grampa_simpson
img539.jpg,moe_szyslak
img54.jpg,milhouse_van_houten
img540.jpg,bart_simpson
img541.jpg,homer_simpson
img542.jpg,edna_krabappel
img543.jpg,abraham_grampa_simpson
img544.jpg,principal_skinner
img545.jpg,principal_skinner
img546.jpg,kent_brockman
img547.jpg,krusty_the_clown
img548.jpg,homer_simpson
img549.jpg,marge_simpson
img55.jpg,sideshow_bob
img550.jpg,bart_simpson
img551.jpg,lenny_leonard
img552.jpg,milhouse_van_houten
img553.jpg,krusty_the_clown
img554.jpg,apu_nahasapeemapetilon
img555.jpg,comic_book_guy
img556.jpg,chief_wiggum
img557.jpg,bart_simpson
img558.jpg,marge_simpson
img559.jpg,milhouse_van_houten
img56.jpg,bart_simpson
img560.jpg,apu_nahasapeemapetilon
img561.jpg,krusty_the_clown
img562.jpg,lenny_leonard
img563.jpg,moe_szyslak
img564.jpg,apu_nahasapeemapetilon
img565.jpg,mayor_quimby
img566.jpg,comic_book_guy
img567.jpg,principal_skinner
img568.jpg,charles_montgomery_burns
img569.jpg,principal_skinner
img57.jpg,bart_simpson
img570.jpg,apu_nahasapeemapetilon
img571.jpg,ned_flanders
img572.jpg,abraham_grampa_simpson
img573.jpg,ned_flanders
img574.jpg,moe_szyslak
img575.jpg,abraham_grampa_simpson
img576.jpg,kent_brockman
img577.jpg,abraham_grampa_simpson
img578.jpg,moe_szyslak
img579.jpg,comic_book_guy
img58.jpg,kent_brockman
img580.jpg,krusty_the_clown
img581.jpg,chief_wiggum
img582.jpg,homer_simpson
img583.jpg,charles_montgomery_burns
img584.jpg,lenny_leonard
img585.jpg,apu_nahasapeemapetilon
img586.jpg,ned_flanders
img587.jpg,apu_nahasapeemapetilon
img588.jpg,abraham_grampa_simpson
img589.jpg,moe_szyslak
img59.jpg,bart_simpson
img590.jpg,moe_szyslak
img591.jpg,chief_wiggum
img592.jpg,ned_flanders
img593.jpg,homer_simpson
img594.jpg,kent_brockman
img595.jpg,ned_flanders
img596.jpg,lisa_simpson
img597.jpg,krusty_the_clown
img598.jpg,krusty_the_clown
img599.jpg,bart_simpson
img6.jpg,krusty_the_clown
img60.jpg,bart_simpson
img600.jpg,chief_wiggum
img601.jpg,apu_nahasapeemapetilon
img602.jpg,moe_szyslak
img603.jpg,homer_simpson
img604.jpg,principal_skinner
img605.jpg,comic_book_guy
img606.jpg,lisa_simpson
img607.jpg,homer_simpson
img608.jpg,apu_nahasapeemapetilon
img609.jpg,principal_skinner
img61.jpg,milhouse_van_houten
img610.jpg,chief_wiggum
img611.jpg,homer_simpson
img612.jpg,marge_simpson
img613.jpg,bart_simpson
img614.jpg,abraham_grampa_simpson
img615.jpg,bart_simpson
img616.jpg,charles_montgomery_burns
img617.jpg,homer_simpson
img618.jpg,apu_nahasapeemapetilon
img619.jpg,homer_simpson
img62.jpg,chief_wiggum
img620.jpg,krusty_the_clown
img621.jpg,bart_simpson
img622.jpg,bart_simpson
img623.jpg,homer_simpson
img624.jpg,comic_book_guy
img625.jpg,mayor_quimby
img626.jpg,nelson_muntz
img627.jpg,homer_simpson
img628.jpg,ned_flanders
img629.jpg,barney_gumble
img63.jpg,abraham_grampa_simpson
img630.jpg,bart_simpson
img631.jpg,mayor_quimby
img632.jpg,apu_nahasapeemapetilon
img633.jpg,abraham_grampa_simpson
img634.jpg,ned_flanders
img635.jpg,charles_montgomery_burns
img636.jpg,lenny_leonard
img637.jpg,bart_simpson
img638.jpg,bart_simpson
img639.jpg,homer_simpson
img64.jpg,principal_skinner
img640.jpg,ned_flanders
img641.jpg,bart_simpson
img642.jpg,moe_szyslak
img643.jpg,chief_wiggum
img644.jpg,apu_nahasapeemapetilon
img645.jpg,homer_simpson
img646.jpg,chief_wiggum
img647.jpg,marge_simpson
img648.jpg,krusty_the_clown
img649.jpg,marge_simpson
img65.jpg,abraham_grampa_simpson
img650.jpg,sideshow_bob
img651.jpg,lenny_leonard
img652.jpg,lenny_leonard
img653.jpg,charles_montgomery_burns
img654.jpg,kent_brockman
img655.jpg,principal_skinner
img656.jpg,bart_simpson
img657.jpg,lisa_simpson
img658.jpg,ned_flanders
img659.jpg,charles_montgomery_burns
img66.jpg,principal_skinner
img660.jpg,bart_simpson
img661.jpg,abraham_grampa_simpson
img662.jpg,comic_book_guy
img663.jpg,chief_wiggum
img664.jpg,bart_simpson
img665.jpg,edna_krabappel
img666.jpg,principal_skinner
img667.jpg,moe_szyslak
img668.jpg,comic_book_guy
img669.jpg,moe_szyslak
img67.jpg,milhouse_van_houten
img670.jpg,charles_montgomery_burns
img671.jpg,kent_brockman
img672.jpg,milhouse_van_houten
img673.jpg,abraham_grampa_simpson
img674.jpg,ned_flanders
img675.jpg,charles_montgomery_burns
img676.jpg,edna_krabappel
img677.jpg,comic_book_guy
img678.jpg,ned_flanders
img679.jpg,homer_simpson
img68.jpg,comic_book_guy
img680.jpg,kent_brockman
img681.jpg,edna_krabappel
img682.jpg,homer_simpson
img683.jpg,sideshow_bob
img684.jpg,homer_simpson
img685.jpg,nelson_muntz
img686.jpg,moe_szyslak
img687.jpg,bart_simpson
img688.jpg,moe_szyslak
img689.jpg,bart_simpson
img69.jpg,bart_simpson
img690.jpg,kent_brockman
img691.jpg,nelson_muntz
img692.jpg,bart_simpson
img693.jpg,milhouse_van_houten
img694.jpg,milhouse_van_houten
img695.jpg,principal_skinner
img696.jpg,apu_nahasapeemapetilon
img697.jpg,krusty_the_clown
img698.jpg,milhouse_van_houten
img699.jpg,bart_simpson
img7.jpg,abraham_grampa_simpson
img70.jpg,abraham_grampa_simpson
img700.jpg,abraham_grampa_simpson
img701.jpg,kent_brockman
img702.jpg,apu_nahasapeemapetilon
img703.jpg,comic_book_guy
img704.jpg,moe_szyslak
img705.jpg,bart_simpson
img706.jpg,kent_brockman
img707.jpg,milhouse_van_houten
img708.jpg,apu_nahasapeemapetilon
img709.jpg,marge_simpson
img71.jpg,lisa_simpson
img710.jpg,moe_szyslak
img711.jpg,lenny_leonard
img712.jpg,lenny_leonard
img713.jpg,milhouse_van_houten
img714.jpg,charles_montgomery_burns
img715.jpg,abraham_grampa_simpson
img716.jpg,mayor_quimby
img717.jpg,moe_szyslak
img718.jpg,apu_nahasapeemapetilon
img719.jpg,principal_skinner
img72.jpg,bart_simpson
img720.jpg,moe_szyslak
img721.jpg,kent_brockman
img722.jpg,mayor_quimby
img723.jpg,bart_simpson
img724.jpg,chief_wiggum
img725.jpg,krusty_the_clown
img726.jpg,lenny_leonard
img727.jpg,milhouse_van_houten
img728.jpg,homer_simpson
img729.jpg,bart_simpson
img73.jpg,bart_simpson
img730.jpg,apu_nahasapeemapetilon
img731.jpg,apu_nahasapeemapetilon
img732.jpg,ned_flanders
img733.jpg,edna_krabappel
img734.jpg,chief_wiggum
img735.jpg,comic_book_guy
img736.jpg,sideshow_bob
img737.jpg,charles_montgomery_burns
img738.jpg,milhouse_van_houten
img739.jpg,bart_simpson
img74.jpg,principal_skinner
img740.jpg,abraham_grampa_simpson
img741.jpg,mayor_quimby
img742.jpg,edna_krabappel
img743.jpg,bart_simpson
img744.jpg,abraham_grampa_simpson
img745.jpg,charles_montgomery_burns
img746.jpg,principal_skinner
img747.jpg,milhouse_van_houten
img748.jpg,mayor_quimby
img749.jpg,apu_nahasapeemapetilon
img75.jpg,krusty_the_clown
img750.jpg,mayor_quimby
img751.jpg,apu_nahasapeemapetilon
img752.jpg,sideshow_bob
img753.jpg,principal_skinner
img754.jpg,chief_wiggum
img755.jpg,charles_montgomery_burns
img756.jpg,comic_book_guy
img757.jpg,chief_wiggum
img758.jpg,krusty_the_clown
img759.jpg,marge_simpson
img76.jpg,ned_flanders
img760.jpg,principal_skinner
img761.jpg,kent_brockman
img762.jpg,moe_szyslak
img763.jpg,apu_nahasapeemapetilon
img764.jpg,chief_wiggum
img765.jpg,ned_flanders
img766.jpg,bart_simpson
img767.jpg,lisa_simpson
img768.jpg,marge_simpson
img769.jpg,moe_szyslak
img77.jpg,edna_krabappel
img770.jpg,abraham_grampa_simpson
img771.jpg,bart_simpson
img772.jpg,homer_simpson
img773.jpg,abraham_grampa_simpson
img774.jpg,lisa_simpson
img775.jpg,milhouse_van_houten
img776.jpg,nelson_muntz
img777.jpg,kent_brockman
img778.jpg,comic_book_guy
img779.jpg,kent_brockman
img78.jpg,charles_montgomery_burns
img780.jpg,abraham_grampa_simpson
img781.jpg,principal_skinner
img782.jpg,nelson_muntz
img783.jpg,homer_simpson
img784.jpg,chief_wiggum
img785.jpg,milhouse_van_houten
img786.jpg,ned_flanders
img787.jpg,principal_skinner
img788.jpg,kent_brockman
img789.jpg,edna_krabappel
img79.jpg,mayor_quimby
img790.jpg,comic_book_guy
img791.jpg,charles_montgomery_burns
img792.jpg,chief_wiggum
img793.jpg,comic_book_guy
img794.jpg,sideshow_bob
img795.jpg,ned_flanders
img796.jpg,abraham_grampa_simpson
img797.jpg,charles_montgomery_burns
img798.jpg,principal_skinner
img799.jpg,sideshow_bob
img8.jpg,principal_skinner
img80.jpg,milhouse_van_houten
img800.jpg,abraham_grampa_simpson
img801.jpg,homer_simpson
img802.jpg,chief_wiggum
img803.jpg,milhouse_van_houten
img804.jpg,edna_krabappel
img805.jpg,charles_montgomery_burns
img806.jpg,milhouse_van_houten
img807.jpg,moe_szyslak
img808.jpg,principal_skinner
img809.jpg,edna_krabappel
img81.jpg,principal_skinner
img810.jpg,principal_skinner
img811.jpg,comic_book_guy
img812.jpg,apu_nahasapeemapetilon
img813.jpg,edna_krabappel
img814.jpg,charles_montgomery_burns
img815.jpg,comic_book_guy
img816.jpg,marge_simpson
img817.jpg,apu_nahasapeemapetilon
img818.jpg,homer_simpson
img819.jpg,milhouse_van_houten
img82.jpg,abraham_grampa_simpson
img820.jpg,abraham_grampa_simpson
img821.jpg,moe_szyslak
img822.jpg,marge_simpson
img823.jpg,ned_flanders
img824.jpg,homer_simpson
img825.jpg,principal_skinner
img826.jpg,apu_nahasapeemapetilon
img827.jpg,comic_book_guy
img828.jpg,bart_simpson
img829.jpg,comic_book_guy
img83.jpg,homer_simpson
img830.jpg,abraham_grampa_simpson
img831.jpg,chief_wiggum
img832.jpg,nelson_muntz
img833.jpg,principal_skinner
img834.jpg,bart_simpson
img835.jpg,abraham_grampa_simpson
img836.jpg,edna_krabappel
img837.jpg,bart_simpson
img838.jpg,kent_brockman
img839.jpg,charles_montgomery_burns
img84.jpg,chief_wiggum
img840.jpg,lenny_leonard
img841.jpg,homer_simpson
img842.jpg,ned_flanders
img843.jpg,charles_montgomery_burns
img844.jpg,apu_nahasapeemapetilon
img845.jpg,moe_szyslak
img846.jpg,comic_book_guy
img847.jpg,marge_simpson
img848.jpg,charles_montgomery_burns
img849.jpg,moe_szyslak
img85.jpg,marge_simpson
img850.jpg,sideshow_bob
img851.jpg,principal_skinner
img852.jpg,lisa_simpson
img853.jpg,comic_book_guy
img854.jpg,abraham_grampa_simpson
img855.jpg,kent_brockman
img856.jpg,mayor_quimby
img857.jpg,homer_simpson
img858.jpg,sideshow_bob
img859.jpg,homer_simpson
img86.jpg,bart_simpson
img860.jpg,bart_simpson
img861.jpg,charles_montgomery_burns
img862.jpg,marge_simpson
img863.jpg,moe_szyslak
img864.jpg,edna_krabappel
img865.jpg,krusty_the_clown
img866.jpg,marge_simpson
img867.jpg,ned_flanders
img868.jpg,krusty_the_clown
img869.jpg,lisa_simpson
img87.jpg,edna_krabappel
img870.jpg,bart_simpson
img871.jpg,comic_book_guy
img872.jpg,milhouse_van_houten
img873.jpg,comic_book_guy
img874.jpg,milhouse_van_houten
img875.jpg,homer_simpson
img876.jpg,apu_nahasapeemapetilon
img877.jpg,ned_flanders
img878.jpg,sideshow_bob
img879.jpg,abraham_grampa_simpson
img88.jpg,chief_wiggum
img880.jpg,bart_simpson
img881.jpg,bart_simpson
img882.jpg,kent_brockman
img883.jpg,homer_simpson
img884.jpg,marge_simpson
img885.jpg,bart_simpson
img886.jpg,principal_skinner
img887.jpg,homer_simpson
img888.jpg,charles_montgomery_burns
img889.jpg,principal_skinner
img89.jpg,sideshow_bob
img890.jpg,ned_flanders
img891.jpg,comic_book_guy
img892.jpg,krusty_the_clown
img893.jpg,homer_simpson
img894.jpg,homer_simpson
img895.jpg,principal_skinner
img896.jpg,homer_simpson
img897.jpg,moe_szyslak
img898.jpg,moe_szyslak
img899.jpg,ned_flanders
img9.jpg,moe_szyslak
img90.jpg,nelson_muntz
img900.jpg,marge_simpson
img901.jpg,apu_nahasapeemapetilon
img902.jpg,moe_szyslak
img903.jpg,abraham_grampa_simpson
img904.jpg,edna_krabappel
img905.jpg,principal_skinner
img906.jpg,bart_simpson
img907.jpg,ned_flanders
img908.jpg,moe_szyslak
img909.jpg,sideshow_bob
img91.jpg,ned_flanders
img910.jpg,moe_szyslak
img911.jpg,chief_wiggum
img912.jpg,mayor_quimby
img913.jpg,bart_simpson
img914.jpg,bart_simpson
img915.jpg,marge_simpson
img916.jpg,mayor_quimby
img917.jpg,apu_nahasapeemapetilon
img918.jpg,krusty_the_clown
img919.jpg,sideshow_bob
img92.jpg,apu_nahasapeemapetilon
img920.jpg,moe_szyslak
img921.jpg,lenny_leonard
img922.jpg,charles_montgomery_burns
img923.jpg,abraham_grampa_simpson
img924.jpg,homer_simpson
img925.jpg,krusty_the_clown
img926.jpg,comic_book_guy
img927.jpg,mayor_quimby
img928.jpg,kent_brockman
img929.jpg,sideshow_bob
img93.jpg,bart_simpson
img930.jpg,comic_book_guy
img931.jpg,ned_flanders
img932.jpg,principal_skinner
img933.jpg,edna_krabappel
img934.jpg,comic_book_guy
img935.jpg,kent_brockman
img936.jpg,milhouse_van_houten
img937.jpg,edna_krabappel
img938.jpg,edna_krabappel
img939.jpg,milhouse_van_houten
img94.jpg,bart_simpson
img940.jpg,kent_brockman
img941.jpg,homer_simpson
img942.jpg,principal_skinner
img943.jpg,charles_montgomery_burns
img944.jpg,charles_montgomery_burns
img945.jpg,abraham_grampa_simpson
img946.jpg,ned_flanders
img947.jpg,ned_flanders
img948.jpg,comic_book_guy
img949.jpg,krusty_the_clown
img95.jpg,chief_wiggum
img950.jpg,lisa_simpson
img951.jpg,principal_skinner
img952.jpg,marge_simpson
img953.jpg,sideshow_bob
img954.jpg,ned_flanders
img955.jpg,principal_skinner
img956.jpg,homer_simpson
img957.jpg,principal_skinner
img958.jpg,apu_nahasapeemapetilon
img959.jpg,principal_skinner
img96.jpg,moe_szyslak
img960.jpg,milhouse_van_houten
img961.jpg,bart_simpson
img962.jpg,krusty_the_clown
img963.jpg,charles_montgomery_burns
img964.jpg,chief_wiggum
img965.jpg,moe_szyslak
img966.jpg,edna_krabappel
img967.jpg,milhouse_van_houten
img968.jpg,principal_skinner
img969.jpg,milhouse_van_houten
img97.jpg,krusty_the_clown
img970.jpg,ned_flanders
img971.jpg,marge_simpson
img972.jpg,abraham_grampa_simpson
img973.jpg,mayor_quimby
img974.jpg,principal_skinner
img975.jpg,sideshow_bob
img976.jpg,bart_simpson
img977.jpg,comic_book_guy
img978.jpg,homer_simpson
img979.jpg,ned_flanders
img98.jpg,charles_montgomery_burns
img980.jpg,krusty_the_clown
img981.jpg,abraham_grampa_simpson
img982.jpg,principal_skinner
img983.jpg,bart_simpson
img984.jpg,apu_nahasapeemapetilon
img985.jpg,marge_simpson
img986.jpg,sideshow_bob
img987.jpg,nelson_muntz
img988.jpg,ned_flanders
img989.jpg,charles_montgomery_burns
img99.jpg,chief_wiggum
img990.jpg,krusty_the_clown
